{
  "mean": 0.0034316320104580108,
  "std": 0.038055198383088525,
  "image_size": 128,
  "kernel": "laplacian_3x3_div4"
}